yahoo_title,yahoo_url,mercari_title,mercari_url,rakuma_title,rakuma_url
状態良好【代替領収書可】Makita マキタ KS514D　18V 充電式マルノコ,https://auctions.yahoo.co.jp/jp/auction/d1235551265,状態良好【領収書発行可】Makita マキタ KS514D　18V 充電式マルノコ,https://mercari-shops.com/seller/shops/7buQREVDT32idpJDpj6iT4/products/2JTMu4Z9EfPAJUQmHKWKok/edit,【代替領収書可】Makita マキタ KS514D 18V 充電式マルノコ,https://item.fril.jp/46a6b3fec33e2712be6176d044641f1e
美品7日保証【領収書発行可】カネテック 100V　業務用 脱磁器・消磁器 KMD-20C,https://auctions.yahoo.co.jp/jp/auction/p1231291462,美品7日保証【領収書発行可】カネテック 100V　業務用 脱磁器・消磁器 KMD-20C,https://mercari-shops.com/seller/shops/7buQREVDT32idpJDpj6iT4/products/2JRj4A6eGzWRcW4qLUVixi/edit,美品 カネテック 100V 業務用 脱磁器・消磁器 KMD-20C,https://item.fril.jp/4865c30d410c9af5d4482fd2dcaef698
未使用品に近い【代替領収書可】即決価格◆旧日立工機　HiKOKI(ハイコーキ) ロール釘打機 針金45~65mm シート40~60mm NV65AJ,https://auctions.yahoo.co.jp/jp/auction/x1233269766,未使用品に近い【領収書発行可】即決価格◆旧日立工機　HiKOKI(ハイコーキ) ロール釘打機 針金45~65mm シート40~60mm 単発/連続打撃切替 NV65AJ,https://mercari-shops.com/seller/shops/7buQREVDT32idpJDpj6iT4/products/2JRotdPsLA3FrzaiYTuZzJ/edit,未使用品【代替領収書可】旧日立工機 HiKOKI ロール釘打機 NV65AJ,https://item.fril.jp/50215e2f2cdbeb052f2325b407bf8592
動作良好【代替領収書可】動作良好 ソキア Sokkia 回転レーザーレベル用　受光器ホルダー（LPC3）LR100／LR103用,https://auctions.yahoo.co.jp/jp/auction/b1231281762,動作良好【領収書発行可】動作良好 ソキア Sokkia 回転レーザーレベル用　受光器ホルダー（LPC3）LR100／LR103用,https://mercari-shops.com/seller/shops/7buQREVDT32idpJDpj6iT4/products/2JRiztUDcefFbkBfFEgAB3/edit,,
状態良好【代替領収書可】TONE TN-30E-1 トルシャット M30ソケット付（VRU50T） 回転角レンチ 高力ボルト　トネ,https://auctions.yahoo.co.jp/jp/auction/s1227916659,状態良好【領収書発行可】トネ(TONE) ナット回転角レンチ トルシャット TN30E-1  高力M27~M30 超高力M24 100V,https://mercari-shops.com/seller/shops/7buQREVDT32idpJDpj6iT4/products/2JRosvC7QpMNQfuFLTKVXC/edit,状態良好 TONE TN-30E-1 トルシャット 回転角レンチトネ,https://item.fril.jp/3271bfdc1597f580566c5c58a39d5a2e
極美品【代替領収書可】マキタ インパクト　ドライバ　TD001G　(36V) MAKITA,https://auctions.yahoo.co.jp/jp/auction/g1226614981,極美品【領収書発行可】マキタ インパクト　ドライバ　TD001G　(36V) MAKITA,https://mercari-shops.com/seller/shops/7buQREVDT32idpJDpj6iT4/products/2JRorEZXseAFBsRjrbssE4/edit,極美品【代替領収書可】マキタ インパクト ドライバ TD001G,https://item.fril.jp/d5b0bd149bf93f709c2971c24256e9c4
美品【代替領収書可】★ポータブル型ニオイセンサ XP-329ⅢR 新コスモス電機 COSMOS★　 XP-329-3R,https://auctions.yahoo.co.jp/jp/auction/h1200494722,美品【領収書発行可】ポータブル型ニオイセンサ　XP-329ⅢR　新コスモス電機　 ★送料無料★[ガス検知器／酸素測定器／一酸化炭素測定器],https://mercari-shops.com/seller/shops/7buQREVDT32idpJDpj6iT4/products/2JRogt3ULGM32RkJFCj54a/edit,美品【代替領収書可】ポータブル型ニオイセンサ XP-329ⅢR 新コスモス電機,https://item.fril.jp/4c0dd08f48956307e49988130b608571
美品【代替領収書可】マキタ インパクトドライバ TD161D　ブラック,https://auctions.yahoo.co.jp/jp/auction/w1224970109,,,美品【代替領収書可】マキタ インパクトドライバ TD161D ブラック,https://item.fril.jp/f4c3f85f11b0d0b96c0d64b50cad09f8
送料込み！極美品【代替領収書可】タジマ　SL-ADP　ACアダプター　SL-ADP　TAJIMA,https://auctions.yahoo.co.jp/jp/auction/r1231782537,,,,
状態良好【代替領収書可】270ミリ　鋸『中屋雄造正直』先丸鋸　 房州 ノコギリ 大工道具 鍛冶 手打ち出し 時代 古民具,https://auctions.yahoo.co.jp/jp/auction/j1230713759,状態良好【領収書発行可】270ﾐﾘ　鋸『中屋雄造正直』先丸鋸　希少 房州 鋸 房州 中屋 雄造 正直 ノコギリ 大工道具 鍛冶 手打ち出し 時代 古民具,https://mercari-shops.com/seller/shops/7buQREVDT32idpJDpj6iT4/products/2JRovkyea6r7R7EGGb3da7/edit,状態良好【代替領収書可】270ミリ 鋸『中屋雄造正直』先丸鋸,https://item.fril.jp/806ef623f9557bdfa32c367a20fb193d
ケース付き未使用に近い【代替領収書可】マキタ(Makita) 充電式インパクトドライバ　18Ｖ TD173DZ,https://auctions.yahoo.co.jp/jp/auction/w1235543472,ケース付き未使用に近い【領収書発行可】マキタ(Makita) 充電式インパクトドライバ　18Ｖ TD173DZ,https://mercari-shops.com/seller/shops/7buQREVDT32idpJDpj6iT4/products/2JTMzxAFP3d8eBkayRBP7F/edit,マキタ(Makita) 充電式インパクトドライバ 18Ｖ TD173DZ,https://item.fril.jp/03db14ac2a8c54340dd92120b040e97a
美品【代替領収書可】サンワ　18Vコードレスダクトシャ 　SD-18型　ハイコーキバッテリ対応　ダクトカッター,https://auctions.yahoo.co.jp/jp/auction/q1235539977,,,サンワ 18Vコードレスダクトシャ SD-18型 ダクトカッター,https://item.fril.jp/51621de13f07a43c3296089fbd6d11b2
【領収書発行可】MAX(マックス) 14.4v充電式ブラシレスインパクトドライバ (本体のみ) PJ-ID144,https://auctions.yahoo.co.jp/jp/auction/v1229663048,【領収書発行可】MAX(マックス) 14.4v充電式ブラシレスインパクトドライバ (本体のみ) PJ-ID144,https://mercari-shops.com/seller/shops/7buQREVDT32idpJDpj6iT4/products/2JT3kgU5h6DAwiFakZRoti/edit,【領収書発行可】MAX(マックス) インパクトドライバ PJ-ID144,https://item.fril.jp/8eb9ec9170e453837e8e0207fa6c4284
美品【代替領収書可】マキタ(Makita) 充電式スクリュードライバ FS453D,https://auctions.yahoo.co.jp/jp/auction/f1234127539,美品【領収書発行可】マキタ(Makita) 充電式スクリュードライバ FS453D,https://mercari-shops.com/seller/shops/7buQREVDT32idpJDpj6iT4/products/2JSocfz3JF73wAKndpoA22/edit,美品 マキタ(Makita) 充電式スクリュードライバ FS453D,https://item.fril.jp/cae15080bb979b069b9aca229c1cf298
ケース付きカスタムラッピング【代替領収書可】マキタ(Makita) 　充電式インパクトドライバ18Ｖ TD173DZ,https://auctions.yahoo.co.jp/jp/auction/x1233205318,ケース付きカスタムラッピング【領収書発行可】マキタ(Makita) 　充電式インパクトドライバ18Ｖ TD173DZ,https://mercari-shops.com/seller/shops/7buQREVDT32idpJDpj6iT4/products/2JSTJvzp6KCve4nukX5r8Y/edit,カスタムラッピング マキタ 充電式インパクトドライバ18Ｖ TD173DZ,https://item.fril.jp/1f02fa0aa0e5bc926e70cf61166af170
動作良好【代替領収書可】ニコン　ミニプリズムピンポールスパイクセット　NIKON,https://auctions.yahoo.co.jp/jp/auction/e1234139191,,,動作良好【代替領収書可】ニコン ミニプリズムピンポールスパイクセット NIKON,https://item.fril.jp/14c643dffae395e0457539a3651c8636
極美品【代替領収書可】TOPCON トプコン　オートレベル　AT-M3／26倍／３級水準儀,https://auctions.yahoo.co.jp/jp/auction/q1233897352,,,,
美品【代替領収書可】マキタ(Makita) 　充電式インパクトドライバ18Ｖ TD172D　赤　TD172DZAR,https://auctions.yahoo.co.jp/jp/auction/d1230827652,美品【領収書発行可】マキタ(Makita) 　充電式インパクトドライバ18Ｖ TD172D　赤　TD172DZAR,https://mercari-shops.com/seller/shops/7buQREVDT32idpJDpj6iT4/products/2JRYHHX44YK944XPKrvBAL/edit,美品 マキタ 充電式インパクトドライバ TD172D 赤 TD172DZAR,https://item.fril.jp/e20c86e0e1cf1d8f4c13400f8e19b914
美品【代替領収書可】ボッシュ GDR18V-160 インパクトドライバー0522,https://auctions.yahoo.co.jp/jp/auction/j1230838129,美品【領収書発行可】ボッシュ GDR18V-160 インパクトドライバー0522,https://mercari-shops.com/seller/shops/7buQREVDT32idpJDpj6iT4/products/2JRYb2dTopmGMmjMq7Qpvv/edit,美品【代替領収書可】ボッシュ GDR18V-160 インパクトドライバー0522,https://item.fril.jp/3e51102fe7f6f92d11abf54a7f7cfe90
未使用！【代替領収書可】イクラ 51066　IS-25SC用 鉄筋カッター　 替刃,https://auctions.yahoo.co.jp/jp/auction/j1187263134,未使用！【領収書発行可】イクラ 51066 IS-25SC用 鉄筋カッター用刃物(2枚入) 替刃,https://mercari-shops.com/seller/shops/7buQREVDT32idpJDpj6iT4/products/2JRkwvmqdVygd3iyVVq4Ya/edit,,
14日保証【代替領収書可】純正　ニコン・ジェック光波用／BC-4／バッテリー,https://auctions.yahoo.co.jp/jp/auction/c1215089568,,,,
フルセット状態良好【代替領収書可】マキタ(Makita)　HR282DRGX　 18mm充電式ハンマドリル 18V6Ah バッテリ2本・充電器・ケース付,https://auctions.yahoo.co.jp/jp/auction/f1232910526,フルセット状態良好【領収書発行可】マキタ(Makita)　HR282DRGX　 18mm充電式ハンマドリル 18V6Ah バッテリ2本・充電器・ケース付,https://mercari-shops.com/seller/shops/7buQREVDT32idpJDpj6iT4/products/2JSN8B9WxhrSAd8xvLWbRa/edit,状態良好 マキタ HR282DRGX 18mm充電式ハンマドリル,https://item.fril.jp/6413a01d9130e4197a958d7f09804f41
美品【代替領収書可】マキタ 集じんシステム　A-72133　DX10　HR008ｇ、HR3011FCなどに,https://auctions.yahoo.co.jp/jp/auction/o1218480777,美品【領収書発行可】マキタ 集じんシステム　A-72133　DX10　HR008ｇ､HR3011FCなどに,https://mercari-shops.com/seller/shops/7buQREVDT32idpJDpj6iT4/products/2JRoRj6aRQBvDVikJ7RsNJ/edit,美品【代替領収書可】マキタ 集じんシステム A-72133 DX10 過去2週間以上情報更新されていないようです。更新してみませんか？,https://item.fril.jp/d4656d902a90c7f17180cf4acf4a6aba
未使用　2週間保証【領収書可】 TOPCON　BC-3　純正充電器,https://auctions.yahoo.co.jp/jp/auction/c1187259423,,,,
動作良好【領収書発行可】TOPCON/トプコン バッテリーチャージャー BC-22 充電器 トータルステーション,https://auctions.yahoo.co.jp/jp/auction/x1213784062,動作良好【領収書発行可】TOPCON/トプコン バッテリーチャージャー BC-22 充電器 トータルステーション,https://mercari-shops.com/seller/shops/7buQREVDT32idpJDpj6iT4/products/2JRoRNmPndBMW8L8YXrkaj/edit,,
未使用品級！【代替領収書可】SOKKIA PROGRAM CARD SPC3 シビル ソキア SET3000,https://auctions.yahoo.co.jp/jp/auction/g1188169458,,,,
★未使用★【代替領収書可】HIOKI (日置電機) クランプオンセンサ 9272-05 AC20/200A定格 開閉型 高確度,https://auctions.yahoo.co.jp/jp/auction/o1218478791,★未使用★【領収書発行可】HIOKI (日置電機) クランプオンセンサ 9272-05 AC20/200A定格 開閉型 高確度,https://mercari-shops.com/seller/shops/7buQREVDT32idpJDpj6iT4/products/2JRoRpjLkrA5amd9afiiBp/edit,★未使用★【代替領収書可】HIOKI クランプオンセンサ 9272-05,https://item.fril.jp/4e19eae2ba3813dd8da21c502cce85fd
7日保証【代替領収書可】 Mitsutoyo ミツトヨ ホールテスト 35～40mm 368-709 　2H4　 Holtest Hole Test,https://auctions.yahoo.co.jp/jp/auction/f1218667704,7日保証【領収書発行可】 Mitsutoyo ミツトヨ ホールテスト 35～40mm 368-709 　2H4　 Holtest Hole Test,https://mercari-shops.com/seller/shops/7buQREVDT32idpJDpj6iT4/products/2JRoRsbupZnvYboUssHdmx/edit,7日保証 ミツトヨ ホールテスト 35～40mm 368-709,https://item.fril.jp/71cd755c1cfd6f3ef13844fc423e7027
状態良好【代替領収書可】マキタ(Makita) 充電式チップソーカッタ 125mm 14.4V,https://auctions.yahoo.co.jp/jp/auction/l1223811263,状態良好【領収書発行可】マキタ(Makita) 充電式チップソーカッタ 125mm 14.4V,https://mercari-shops.com/seller/shops/7buQREVDT32idpJDpj6iT4/products/2JRohBtaAZ44TSuW52wxiK/edit,状態良好【代替領収書可】マキタ 充電式チップソーカッタ 125mm 14.4V,https://item.fril.jp/02ce62ad12745ce924e805d947dca847
動作良好【代替領収書可】マキタ(Makita) 屋内外兼用墨出し器 SK209GD,https://auctions.yahoo.co.jp/jp/auction/v1223248454,動作良好【領収書発行可】マキタ(Makita) 屋内外兼用墨出し器 SK209GD,https://mercari-shops.com/seller/shops/7buQREVDT32idpJDpj6iT4/products/2JRogyS7Gf8tpTiFoH8kFG/edit,,
動作良好【代替領収書可】マックス(MAX) スーパーネイラ HN-120A 　コンクリート,https://auctions.yahoo.co.jp/jp/auction/e1224580076,,,,
美品【代替領収書可】マキタ(Makita) 電気ドリル 鉄工13mm 木工30mm 6305,https://auctions.yahoo.co.jp/jp/auction/k1229765258,美品【領収書発行可】マキタ(Makita) 電気ドリル 鉄工13mm 木工30mm 6305,https://mercari-shops.com/seller/shops/7buQREVDT32idpJDpj6iT4/products/2JRouTA4SBXEVyf9jH4b8L/edit,状態良好【代替領収書可】マキタ(Makita) 電気ドリル 6305,https://item.fril.jp/637520b555965a7adf56c70815c62c0d
状態良好【代替領収書可】マックス(MAX) 高圧エアネジ打ち機 HV-R41G5,https://auctions.yahoo.co.jp/jp/auction/f1224970031,状態良好【領収書発行可】マックス(MAX) 高圧エアネジ打ち機 HV-R41G5,https://mercari-shops.com/seller/shops/7buQREVDT32idpJDpj6iT4/products/2JRom3rFkBdfnhxi8xP5yA/edit,,
美品【代替領収書可】マキタ インパクトドライバTD171(18V)白 トルク180Nm TD171DZW,https://auctions.yahoo.co.jp/jp/auction/c1224993642,美品【領収書発行可】マキタ インパクトドライバTD171(18V)白 トルク180Nm  TD171DZW,https://mercari-shops.com/seller/shops/7buQREVDT32idpJDpj6iT4/products/2JRoqhxKx7xaD4HeMdGtZG/edit,,
状態良好【代替領収書可】マックス(MAX) スーパーネイラ 【Zマーク・Cマーク 接合金物用】 HN-65Z1,https://auctions.yahoo.co.jp/jp/auction/e1225825462,状態良好【領収書発行可】マックス(MAX) スーパーネイラ 【Zﾏｰｸ・Cﾏｰｸ 接合金物用】 HN-65Z1,https://mercari-shops.com/seller/shops/7buQREVDT32idpJDpj6iT4/products/2JRorBffjr3ATSTrvDhjCt/edit,状態良好【代替領収書可】マックス(MAX) スーパーネイラ HN-65Z1,https://item.fril.jp/7b57593aa91e5dbc1f05a10d4ac96f1d
美品【代替領収書可】マキタ インパクトドライバ TD171(18V)青 トルク180Nm TD171D,https://auctions.yahoo.co.jp/jp/auction/e1224977708,美品【領収書発行可】マキタ インパクトドライバ TD171(18V)青 トルク180Nm  TD171D,https://mercari-shops.com/seller/shops/7buQREVDT32idpJDpj6iT4/products/2JRokyBebm5NS5s8J9hxNx/edit,,
美品【代替領収書可】マキタ(Makita) 18mmハンマドリル ストレートシャンク HR1831FT,https://auctions.yahoo.co.jp/jp/auction/j1224974653,美品【領収書発行可】マキタ(Makita) 18mmハンマドリル ストレートシャンク HR1831FT,https://mercari-shops.com/seller/shops/7buQREVDT32idpJDpj6iT4/products/2JRom6aeDXVrmZGnSyMWy6/edit,美品【代替領収書可】マキタ ハンマドリル ストレートシャンク HR1831FT,https://item.fril.jp/5ba9479b7e4758c9ae1adfe575ef9da4
極美品【代替領収書可】マキタ　AT1150B フローリング用エアタッカ,https://auctions.yahoo.co.jp/jp/auction/x1222555621,極美品【領収書発行可】マキタ　AT1150B フローリング用エアタッカ,https://mercari-shops.com/seller/shops/7buQREVDT32idpJDpj6iT4/products/2JRogk5BDDrcJiLGXNLGZd/edit,極美品【代替領収書可】マキタ AT1150B フローリング用エアタッカ 過去2週間以上情報更新されていないようです。更新してみませんか？,https://item.fril.jp/4bd3eba8264bdc3af0c235ea612ec75a
状態良好【代替領収書可】マキタ(Makita) 充電式チップソーカッタ 125mm 14.4V CS540DZ,https://auctions.yahoo.co.jp/jp/auction/s1224142224,状態良好【領収書発行可】マキタ(Makita) 充電式チップソーカッタ 125mm 14.4V  CS540DZ,https://mercari-shops.com/seller/shops/7buQREVDT32idpJDpj6iT4/products/2JRokfKCRPoYG3MYpuQag4/edit,【代替領収書可】マキタ(Makita) 充電式チップソーカッタ CS540DZ,https://item.fril.jp/e5c207cf32ba0fb51716c0d1914d74c2
美品【代替領収書可】Makita マキタ エアタッカ AT425AK 常圧 ステープル幅 4mm(J線)/長さ13～25mm,https://auctions.yahoo.co.jp/jp/auction/k1232925301,美品【領収書発行可】Makita マキタ エアタッカ AT425AK 常圧 ステープル幅 4mm(J線)/長さ13～25mm,https://mercari-shops.com/seller/shops/7buQREVDT32idpJDpj6iT4/products/2JSNAJSXFHnvVM3PLYK6JT/edit,美品 マキタ エアタッカ AT425AK 常圧,https://item.fril.jp/0b96dae2c5d7568816d13c6f1144bad4
状態良好【代替領収書可】マキタ(Makita) 充電式ストレートシャー 14.4V 1.6mm JS160D,https://auctions.yahoo.co.jp/jp/auction/e1225000127,状態良好【領収書発行可】マキタ(Makita) 充電式ストレートシャー 14.4V 1.6mm JS160D,https://mercari-shops.com/seller/shops/7buQREVDT32idpJDpj6iT4/products/2JRoqoJ9Ft8BY8FK7wSkD2/edit,,
状態良好【代替領収書可】マキタ(Makita) 充電式スクリュードライバ18Ｖ FS600D　青,https://auctions.yahoo.co.jp/jp/auction/n1230466006,状態良好【領収書発行可】マキタ(Makita) 充電式スクリュードライバ18Ｖ FS600D　青,https://mercari-shops.com/seller/shops/7buQREVDT32idpJDpj6iT4/products/2JRoux5euyXrXnSC9rRXD9/edit,状態良好 マキタ(Makita) 充電式スクリュードライバ18Ｖ FS600D,https://item.fril.jp/76aa1828243b096364622a4f8c27494d
美品【代替領収書可】マキタ(Makita) 簡易傾斜雲台 TK00LM3810,https://auctions.yahoo.co.jp/jp/auction/q1227444272,美品【領収書発行可】マキタ(Makita) 簡易傾斜雲台 TK00LM3810,https://mercari-shops.com/seller/shops/7buQREVDT32idpJDpj6iT4/products/2JRosLzwgSN27DVcGVra2L/edit,美品【代替領収書可】マキタ(Makita) 簡易傾斜雲台 TK00LM3810,https://item.fril.jp/31baa3244b871e71ea373774de2e98bc
美品【代替領収書可】マキタ/makita 1804N　136mm 電動 カンナ かんな 電気 鉋 電子カンナ 研磨機 切削 面取り 【検索　1804　1805】】,https://auctions.yahoo.co.jp/jp/auction/x1225636945,美品【領収書発行可】マキタ/makita 1804N　136mm 電動 カンナ かんな 電気 鉋 電子カンナ 研磨機 切削 面取り 【検索　1804　1805】】,https://mercari-shops.com/seller/shops/7buQREVDT32idpJDpj6iT4/products/2JRor8aJWyHYDziWcoabBL/edit,美品【代替領収書可】マキタ/makita 1804N 電動 カンナ かんな,https://item.fril.jp/72d0e2c5675343337f41c8a334de2e39
美品14日保証【代替領収書可】　グラフテック データロガー midi LOGGER GL840　 GRAPHTEC,https://auctions.yahoo.co.jp/jp/auction/g1232887588,美品7日保証【領収書発行可】グラフテック データロガー midi LOGGER GL840　 GRAPHTEC,https://mercari-shops.com/seller/shops/7buQREVDT32idpJDpj6iT4/products/2JSMi3s29LkUoBu6YL9mvn/edit,グラフテック データロガー midi LOGGER GL840 GRAPHTEC 過去2週間以上情報更新されていないようです。更新してみませんか？,https://item.fril.jp/aef04c83c9e6ba58bb11fce880267a65
未使用品【代替領収書可】三映測量器 水準傾斜計 水管式 地盤調査 地すべり 測量器,https://auctions.yahoo.co.jp/jp/auction/l1234878401,,,,
７日保証【代替領収書可】molex モレックス アプリケーター　半自動圧着機 モジュラークリンプダイ 57045-3000,https://auctions.yahoo.co.jp/jp/auction/p1215101014,７日保証【領収書発行可】molex モレックス アプリケーター　半自動圧着機 モジュラークリンプダイ 57045-3000,https://mercari-shops.com/seller/shops/7buQREVDT32idpJDpj6iT4/products/2JRoRUJk64DPakHoeUjgPu/edit,,
状態良好【代替領収書可】マキタ(Makita) 充電式ドライバドリル DF458DRGX,https://auctions.yahoo.co.jp/jp/auction/f1224143524,状態良好【領収書発行可】マキタ(Makita) 充電式ドライバドリル DF458DRGX,https://mercari-shops.com/seller/shops/7buQREVDT32idpJDpj6iT4/products/2JRoki8brLX9fDkx58Pqkj/edit,状態良好【代替領収書可】マキタドライバドリル DF458DRGX,https://item.fril.jp/aa2e0fc3994a2ea38e7511f1d9063e83
動作良好7日保証【代替領収書可】ライカ　ラグビー　レッドアイプラス　Leica Rod Eye Plus レーザー受光器,https://auctions.yahoo.co.jp/jp/auction/g1234855639,,,,
7日保証【代替領収書可】送料無料！SOKKIA ソキア LP515 　回転レーザーレベル 　レベルプレーナー,https://auctions.yahoo.co.jp/jp/auction/c1234828323,7日保証【領収書発行可】送料無料！SOKKIA ソキア LP515 　回転レーザーレベル 　レベルプレーナー,https://mercari-shops.com/seller/shops/7buQREVDT32idpJDpj6iT4/products/2JT6Aoq6EsFTVkNyfjeg8u/edit,,
極美品【代替領収書可】ボッシュ GDR18V-160 インパクトドライバー,https://auctions.yahoo.co.jp/jp/auction/t1234704161,極美品【領収書発行可】ボッシュ GDR18V-160 インパクトドライバー,https://mercari-shops.com/seller/shops/7buQREVDT32idpJDpj6iT4/products/2JT3iBduLzkPME2QeWpXxU/edit,極美品【代替領収書可】ボッシュ GDR18V-160 インパクトドライバー 過去2週間以上情報更新されていないようです。更新してみませんか？,https://item.fril.jp/455c99d7988f09f89a9374d7ad5aa193
本体美品【代替領収書可】ソキア デジタルセオドライト(トランシット) DT5AS 測量機器 電子セオドライト,https://auctions.yahoo.co.jp/jp/auction/k1235322539,,,,
状態良好【代替領収書可】マキタ 4モード・インパクトドライバTP131(14.4V)青 トルク145Nm バッテリ等別売 TP131D　0624,https://auctions.yahoo.co.jp/jp/auction/q1234694661,状態良好【領収書発行可】マキタ 4モード・インパクトドライバTP131(14.4V)青 トルク145Nm バッテリ等別売 TP131D　0624,https://mercari-shops.com/seller/shops/7buQREVDT32idpJDpj6iT4/products/2JT3aTLBfj8s7EmGZJ2Tjs/edit,状態良好 マキタ 4モード・インパクトドライバTP131(14.4V) 0624,https://item.fril.jp/b212253d1e990c7571143d45d68d69db
【代替領収書可】MAX(マックス) 14.4v充電式ブラシレスインパクトドライバ (本体のみ) PJ-ID144,https://auctions.yahoo.co.jp/jp/auction/t1234702049,,,MAX(マックス) 14.4vブラシレスインパクトドライバ PJ-ID144 過去2週間以上情報更新されていないようです。更新してみませんか？,https://item.fril.jp/a8073379b596a435c1a9afca773153ee
ケース付き状態良好【代替領収書可】マキタ 4モード・インパクトドライバTP131D　(14.4V),https://auctions.yahoo.co.jp/jp/auction/s1234706806,ケース付き状態良好【領収書発行可】マキタ 4モード・インパクトドライバTP131D　(14.4V),https://mercari-shops.com/seller/shops/7buQREVDT32idpJDpj6iT4/products/2JT3e4rUdkpehMQMUwkNQC/edit,,
美品【代替領収書可】[DB3DL2] 〇HiKOKI(日立工機) 3.6V コードレスドライバドリル DB3DL2,https://auctions.yahoo.co.jp/jp/auction/e1234716766,,,,
動作良好【代替領収書可】HiKOKI(ハイコーキ) 電動工具 高圧ねじ打機 WF4H2,https://auctions.yahoo.co.jp/jp/auction/e1223514363,,,,
7日保証【代替領収書可】送料無料！SOKKIA ソキア LP31　 回転レーザーレベル ローティングレーザー,https://auctions.yahoo.co.jp/jp/auction/p1235441001,7日保証【領収書発行可】送料無料！SOKKIA ソキア LP31　 回転レーザーレベル ローティングレーザー,https://mercari-shops.com/seller/shops/7buQREVDT32idpJDpj6iT4/products/2JTKYqR89s2mB49zrFTGiq/edit,SOKKIA ソキア LP31 回転レーザーレベル ローティングレーザー,https://item.fril.jp/45faff76f4355a03ceff06f57c6c9fc8
美品【代替領収書可】Makita マキタ CS553D 18V 充電式チップソーカッタ,https://auctions.yahoo.co.jp/jp/auction/q1235432923,美品【領収書発行可】Makita マキタ CS553D 18V 充電式チップソーカッタ,https://mercari-shops.com/seller/shops/7buQREVDT32idpJDpj6iT4/products/2JTKcKgaiF4MfiQT8TLg3P/edit,美品 Makita マキタ CS553D 18V 充電式チップソーカッタ,https://item.fril.jp/8f61313e7dbef16a9b58fb21e4c5ed8f
未使用に近い【代替領収書可】MAX マックス LETATWIN レタツイン LM-380T　チューブマーカー マーキング ラベルライター,https://auctions.yahoo.co.jp/jp/auction/t1235430114,未使用に近い【領収書発行可】MAX マックス LETATWIN レタツイン LM-380Tチューブマーカー マーキング ラベルライター,https://mercari-shops.com/seller/shops/7buQREVDT32idpJDpj6iT4/products/2JTKVSHkEawAeuYRaZwhak/edit,未使用に近い MAX マックス LETATWIN レタツイン LM-380T,https://item.fril.jp/7940d662755aaf887d0ef2f6827062b4
美品【代替領収書可】TOPCON トプコン 棒コンパス 6型 COMPASS6 トータルステーション用,https://auctions.yahoo.co.jp/jp/auction/m1234437993,,,,
訳あり【代替領収書可】マックス(MAX) ピン打機 ガスネイラ GS-638C,https://auctions.yahoo.co.jp/jp/auction/t1234442426,訳あり【領収書発行可】マックス(MAX) ピン打機 ガスネイラ GS-638C,https://mercari-shops.com/seller/shops/7buQREVDT32idpJDpj6iT4/products/2JSwBLRJGZ9oEmh8oUaq5h/edit,,
充電回数１回 【代替領収書可】マキタ純正 BL1860B 18V 6.0Ah バッテリー　純正品,https://auctions.yahoo.co.jp/jp/auction/v1233058002,,,,
極美品【代替領収書可】ハイコーキ　HiKOKI ハンドシャ CE16SA 100V コード式,https://auctions.yahoo.co.jp/jp/auction/p1232092955,極美品【領収書発行可】ハイコーキ　HiKOKI ハンドシャ CE16SA 100V コード式,https://mercari-shops.com/seller/shops/7buQREVDT32idpJDpj6iT4/products/2JS3ay8N44MarcGXNSHhmQ/edit,極美品【代替領収書可】ハイコーキ HiKOKI ハンドシャ CE16SA 過去2週間以上情報更新されていないようです。更新してみませんか？,https://item.fril.jp/3723a33cf4ee72e89daccdf697cd2773
状態良好【代替領収書可】makita マキタ エア釘抜き AKN10 常圧 コンパネ　ネイルパンチ,https://auctions.yahoo.co.jp/jp/auction/r1230576439,状態良好【領収書発行可】makita マキタ エア釘抜き AKN10 常圧 コンパネ　ネイルパンチ,https://mercari-shops.com/seller/shops/7buQREVDT32idpJDpj6iT4/products/2JRovPkj3m2ytcgrwnrCqH/edit,makita マキタ エア釘抜き AKN10 常圧 コンパネ ネイルパンチ,https://item.fril.jp/d5adf24cf65ac8d0f7ca52470144d2a9
状態良好【代替領収書可】マキタ(Makita) 　充電式インパクトドライバ18Ｖ TD172D　TD172DZFY　フレッシュイエロー　黄　0530,https://auctions.yahoo.co.jp/jp/auction/x1231728205,状態良好【領収書発行可】マキタ(Makita) 　充電式インパクトドライバ18Ｖ TD172D　TD172DZFY　フレッシュイエロー　黄　0530,https://mercari-shops.com/seller/shops/7buQREVDT32idpJDpj6iT4/products/2JRtAgQ9gc7u3jKf6ZsoHh/edit,,
未使用に近い 14日保証【領収書発行可】ニコン　電子セオドライト　NE-10RC2　NICON　トリンブル,https://auctions.yahoo.co.jp/jp/auction/x1230470406,未使用に近い 14日保証【領収書発行可】ニコン　電子セオドライト　NE-10RC2　NICON　トリンブル,https://mercari-shops.com/seller/shops/7buQREVDT32idpJDpj6iT4/products/2JRmHmHWmMBeNoZJB5Th3H/edit,,
保管未使用品【代替領収書可】sanwa BX-85TR アナログマルチテスター サンワ,https://auctions.yahoo.co.jp/jp/auction/c1230587216,保管未使用品【領収書発行可】sanwa BX-85TR アナログテスター サンワ,https://mercari-shops.com/seller/shops/7buQREVDT32idpJDpj6iT4/products/2JRovVMubyKdtMjrXMNec7/edit,保管未使用品【代替領収書可】sanwa BX-85TR アナログマルチテスター,https://item.fril.jp/ce89376e7b18e51b20580a6b92b1e136
状態良好【代替領収書可】マキタ 18V充電式震動ドライバドリル HP483D　MAKITA,https://auctions.yahoo.co.jp/jp/auction/e1233049534,状態良好【領収書発行可】マキタ 18V充電式震動ドライバドリル HP483D　MAKITA,https://mercari-shops.com/seller/shops/7buQREVDT32idpJDpj6iT4/products/2JSQYEyczwvHn82pBCkPU3/edit,マキタ 18V充電式震動ドライバドリル HP483D MAKITA,https://item.fril.jp/39985c05bdca78fb7a7018179582723c
動作良好【代替領収書可】マキタ ディスクグラインダ スライドスイッチ型 GA400D　14.4V　0609,https://auctions.yahoo.co.jp/jp/auction/n1232981296,動作良好【領収書発行可】マキタ ディスクグラインダ スライドスイッチ型 GA400D　14.4V　0609,https://mercari-shops.com/seller/shops/7buQREVDT32idpJDpj6iT4/products/2JSPvyUXNTGiWE2kZ6ZFmi/edit,マキタ ディスクグラインダ スライドスイッチ GA400D 14.4V 0609,https://item.fril.jp/d0c56d2c2ecab1a42604673302eae2c8
14日保証　本体動作良好【代替領収書可】オートレベル　 ソキア　SOKKIA　B21 上位機種/プロ用）／30倍　　SOKKIA,https://auctions.yahoo.co.jp/jp/auction/j1235000030,14日保証　本体動作良好【領収書発行可】オートレベル　 ソキア　SOKKIA　B21 上位機種/プロ用）／30倍　　SOKKIA,https://mercari-shops.com/seller/shops/7buQREVDT32idpJDpj6iT4/products/2JT9GoFfzGQT7hn5W4U3Va/edit,【代替領収書可】オートレベル ソキア SOKKIA B21,https://item.fril.jp/9e0ffc1801b638de838db9d6642b6abf
動作良好【代替領収書可】TOPCON トプコン 回転レーザーレベル用　 受光器 LS-30　RL-H,https://auctions.yahoo.co.jp/jp/auction/t1234979699,動作良好【領収書発行可】TOPCON トプコン 回転レーザーレベル用　 受光器 LS-30　RL-H,https://mercari-shops.com/seller/shops/7buQREVDT32idpJDpj6iT4/products/2JT93XyMhRWUGKFPfEC924/edit,トプコン 回転レーザーレベル用 受光器 LS-30 RL-H,https://item.fril.jp/ff17e03aa6da1450c33225328a979623
美品【代替領収書可】マキタ(Makita) 充電式スクリュードライバ(黒)18Ｖ FS600D　0627,https://auctions.yahoo.co.jp/jp/auction/p1234999085,美品【領収書発行可】マキタ(Makita) 充電式スクリュードライバ(黒)18Ｖ FS600D　0627,https://mercari-shops.com/seller/shops/7buQREVDT32idpJDpj6iT4/products/2JT9Eg3pc7DJ8oLLrb8buW/edit,マキタ(Makita) 充電式スクリュードライバ(黒) FS600D 0627,https://item.fril.jp/a6002f69b5be4790212a713f524dd2aa
,,本体美品【領収書発行可】ソキア デジタルセオドライト(トランシット) DT5AS 測量機器 電子セオドライト,https://mercari-shops.com/seller/shops/7buQREVDT32idpJDpj6iT4/products/2JTGr2ouqstK6QWBNifabh/edit,,
,,未使用品【領収書発行可】三映測量器 水準傾斜計 水管式 地盤調査 地すべり 測量器,https://mercari-shops.com/seller/shops/7buQREVDT32idpJDpj6iT4/products/2JT6iKNhzj9NWvTyBnQoRo/edit,,
,,動作良好7日保証【領収書発行可】ライカ　ラグビー　レッドアイプラス　Leica Rod Eye Plus レーザー受光器,https://mercari-shops.com/seller/shops/7buQREVDT32idpJDpj6iT4/products/2JT6eVrXFXUHfKZpCZqyCX/edit,,
,,美品【領収書発行可】[DB3DL2] 〇HiKOKI(日立工機) 3.6V コードレスドライバドリル DB3DL2,https://mercari-shops.com/seller/shops/7buQREVDT32idpJDpj6iT4/products/2JT3k7SyE6BnoyZbBUNTXa/edit,,
,,未使用に近い【領収書発行可】RYOBI リョービ 京セラ　KYOCERA　BID-1805 充電式インパクトドライバ 18V,https://mercari-shops.com/seller/shops/7buQREVDT32idpJDpj6iT4/products/2JSw7t5PqHYagTWuYBCv24/edit,,
,,美品【領収書発行可】TOPCON トプコン 棒コンパス 6型 COMPASS6 トータルステーション用,https://mercari-shops.com/seller/shops/7buQREVDT32idpJDpj6iT4/products/2JSw6ttrZKyf4HsH364J3z/edit,,
,,動作良好【領収書発行可】ニコン　ミニプリズムピンポールスパイクセット　NIKON,https://mercari-shops.com/seller/shops/7buQREVDT32idpJDpj6iT4/products/2JSoeCmYJeqzTQMGRyvekJ/edit,,
,,極美品【領収書発行可】TOPCON トプコン　オートレベル　AT-M3／26倍／３級水準儀,https://mercari-shops.com/seller/shops/7buQREVDT32idpJDpj6iT4/products/2JSj2yuKsGmPLhLm7TTtRy/edit,,
,,極美品KCホルダー付！【領収書発行可】エクセン EXEN EKCA　 軽便壁打ち 壁バイブ　コンクリート打設 バイブレーター 100V 50/60Hz,https://mercari-shops.com/seller/shops/7buQREVDT32idpJDpj6iT4/products/2JSiij9NvZ3j9Z69mAhwF2/edit,,
,,美品【領収書発行可】HiKOKI(ハイコーキ) 充電器 リチウムイオン電池EBM315(3.6V)専用 UC3SFL,https://mercari-shops.com/seller/shops/7buQREVDT32idpJDpj6iT4/products/2JSVwaaEFbsA823y6hpLVB/edit,,
,,極美品【領収書発行可】マキタ(Makita) 6806B 6ミリ タッパー,https://mercari-shops.com/seller/shops/7buQREVDT32idpJDpj6iT4/products/2JSTNfHeBGeCH4QfDugdgs/edit,,
,,動作良好【領収書発行可】マキタ 充電式マルノコ40V 刃径165mm/切込66mm  HS001D,https://mercari-shops.com/seller/shops/7buQREVDT32idpJDpj6iT4/products/2JSQXJHgW3LESQa7J8FWzy/edit,マキタ 充電式マルノコ40V 刃径165mm/切込66mm HS001D,https://item.fril.jp/1d01d18068e543f91593aa1d28532c7b
,,状態良好【領収書発行可】マックス(MAX) ピン打機 ガスネイラ GS-725C,https://mercari-shops.com/seller/shops/7buQREVDT32idpJDpj6iT4/products/2JSMjXEpTegEUCtAitcidR/edit,状態良好【代替領収書可】マックス(MAX) ピン打機 ガスネイラ GS-725C 過去2週間以上情報更新されていないようです。更新してみませんか？,https://item.fril.jp/9c49ef8df1a34e4dd4ee66f663f79533
,,未使用【領収書発行可】マックス(MAX) 乾式静音ドリル専用 ビット DS-B16.5D PD98442,https://mercari-shops.com/seller/shops/7buQREVDT32idpJDpj6iT4/products/2JS6J6tzefwq8Kr99b85Ft/edit,,
,,未使用【領収書発行可】マックス(MAX) 乾式静音ドリル専用 ビット DS-B18D PD98444,https://mercari-shops.com/seller/shops/7buQREVDT32idpJDpj6iT4/products/2JS3LBz6Mcw2nCLBMvbqaf/edit,,
,,送料込み！極美品【領収書発行可】タジマ　SL-ADP　ACアダプター　SL-ADP　TAJIMA,https://mercari-shops.com/seller/shops/7buQREVDT32idpJDpj6iT4/products/2JRuYpfDxTY5BBUwsM8YxE/edit,,
,,【領収書発行可】RYOBI リョービ 京セラ　KYOCERA　BID-1805 充電式インパクトドライバ 18V,https://mercari-shops.com/seller/shops/7buQREVDT32idpJDpj6iT4/products/2JRoutrw7jc2WX3UWvrH5R/edit,,
,,美品【領収書発行可】即決価格◆旧日立工機　HiKOKI(ハイコーキ) 　ハンマ H41SA2(S),https://mercari-shops.com/seller/shops/7buQREVDT32idpJDpj6iT4/products/2JRou9HjV6LutYhGTJ3BTM/edit,,
,,極美品 【領収書発行可】送料無料 HIKOKI 日立 常圧 4mm幅 フロアタッカー N5004MF,https://mercari-shops.com/seller/shops/7buQREVDT32idpJDpj6iT4/products/2JRou5pcTzbXvJCiBJAMUd/edit,,
,,動作良好【領収書発行可】マキタ ディスクグラインダ スライドスイッチ型 GA400D　14.4V,https://mercari-shops.com/seller/shops/7buQREVDT32idpJDpj6iT4/products/2JRosXE9oyUkaMfYNozEZN/edit,,
,,状態良好【領収書発行可】マキタ(Makita) ストレートシャー 1.6mm JS1601　鋼板切断,https://mercari-shops.com/seller/shops/7buQREVDT32idpJDpj6iT4/products/2JRoqkoG5KFpFFgEV6McQa/edit,,
,,動作良好【領収書発行可】HiKOKI(ハイコーキ) 電動工具 高圧ねじ打機 WF4H2,https://mercari-shops.com/seller/shops/7buQREVDT32idpJDpj6iT4/products/2JRoh33UadELxBq3ipMqR7/edit,,
,,本体極美品【領収書発行可】マキタ(Makita) 充電式チップソーカッタ 125mm 14.4V 3.0Ah 本体付属バッテリー1個搭載モデル CS540DRF,https://mercari-shops.com/seller/shops/7buQREVDT32idpJDpj6iT4/products/2JRogvX3BQQ3NMWNcJ4oMp/edit,,
,,１週間保証【領収書可】 TOPCON　トプコン　BC-3　純正充電器,https://mercari-shops.com/seller/shops/7buQREVDT32idpJDpj6iT4/products/2JRoRRZxnE89UYgraL4Y7L/edit,,
,,未使用　2週間保証【領収書可】 トプコン　AD-13A AC/DCコンバーター,https://mercari-shops.com/seller/shops/7buQREVDT32idpJDpj6iT4/products/2JRoRKswzuJyxtDzhyU7qW/edit,,
,,美品！【領収書発行可】 TOPCON　トプコン　インターフェースケーブル　F-4,https://mercari-shops.com/seller/shops/7buQREVDT32idpJDpj6iT4/products/2JRoRFutbhx6ktakHe2o8z/edit,,
,,未使用【領収書発行可】三菱 電磁接触器 S-N80 2a2b AC100V,https://mercari-shops.com/seller/shops/7buQREVDT32idpJDpj6iT4/products/2JRoRD8KJraXnyzt8zCygb/edit,,
,,美品【領収書発行可】 TOPCON　トプコン　求心付基盤　TR-8,https://mercari-shops.com/seller/shops/7buQREVDT32idpJDpj6iT4/products/2JRoR6hqUGXqvRSpXUFPCX/edit,,
,,2週間保証【領収書発行可】 TOPCON　トプコン　AD-7A　純正充電器,https://mercari-shops.com/seller/shops/7buQREVDT32idpJDpj6iT4/products/2JRoQzhfSFQdX6yRDd8Fqw/edit,,
,,未使用　2週間保証【領収書発行可】 TOPCON　トプコン　BC-3　純正充電器,https://mercari-shops.com/seller/shops/7buQREVDT32idpJDpj6iT4/products/2JRoQuLzUvzRH6pCT9j43j/edit,,
,,状態良好【領収書発行可】マキタ 4モード・インパクトドライバTP131(14.4V)青 トルク145Nm バッテリ等別売 TP131D,https://mercari-shops.com/seller/shops/7buQREVDT32idpJDpj6iT4/products/2JPBj72DsBPDvokBa4mDbw/edit,,
,,,,ソキア デジタルセオドライト(トランシット) DT5AS 電子セオドライト,https://item.fril.jp/1c4b97213de58a79a926433fbd04660b
,,,,三映測量器 水準傾斜計 水管式 地盤調査 地すべり 測量器,https://item.fril.jp/4450eb36d97a99bee0dbedc53c88db96
,,,,ライカ ラグビー レッドアイプラス 受光器,https://item.fril.jp/761e5ba16000912670cb6b8cb1b3c588
,,,,7日保証【代替領収書可 SOKKIA ソキア LP51 レベルプレーナー,https://item.fril.jp/af51dec57d96c416ec42ac492080e177
,,,,[DB3DL2]ハイコーキ3.6V コードレスドライバドリル DB3DL2 過去2週間以上情報更新されていないようです。更新してみませんか？,https://item.fril.jp/73bc7da519ce4f5648fb6d214a22676f
,,,,美品【代替領収書可】 トプコン 棒コンパス 6型 COMPASS6,https://item.fril.jp/caef4c001d9b84ecd894d0fa35e25fbb
,,,,【代替領収書可】PENTAX ペンタックス ミニプリズムMP42,https://item.fril.jp/3cf797f795270fb54e3909672fc2f88a
,,,,極美品 TOPCON トプコン オートレベル AT-M3／26倍／３級水準儀,https://item.fril.jp/1001654205a5cf9c47fd87ec0f0b7ecd
,,,,極美品 エクセン EXEN EKCA 軽便壁打ち 壁バイブ バイブレーター,https://item.fril.jp/e24c18d91908063e7603361924a08992
,,,,送料込！極美品【代替領収書可】タジマ ACアダプター SL-ADP,https://item.fril.jp/b17518227f1f13b7439e8a9e669eaffc
,,,,キア Sokkia 回転レーザーレベル用 受光器ホルダー（LPC3）,https://item.fril.jp/fd9645d66d3e52dbb1381b9b026b7ebc
,,,,状態良好【代替領収書可】BOSCH ボッシュ 36V用 充電器 AL3640CV,https://item.fril.jp/c971ffbec1dba216a80f915cc796ddb4
,,,,ジャンク【代替領収書可】ソキア 測器舎 トータルステーション SET4,https://item.fril.jp/cddc2fd540b2449618477d0d24858567
,,,,【代替領収書可】ソキア CDC11+EDC11充電器 BDC18 BDC18A,https://item.fril.jp/73971091834f424cce52d27eb64a528f
,,,,状態良好【代替領収書可】シンワ測定 エレベーター三脚 76629 過去2週間以上情報更新されていないようです。更新してみませんか？,https://item.fril.jp/8f71ec8a025557ef9134c6d10a9497f7
